,precision,recall,f1-score,support
0.0,0.34285714285714286,0.5714285714285714,0.42857142857142855,21.0
1.0,0.7567567567567568,0.5490196078431373,0.6363636363636364,51.0
accuracy,0.5555555555555556,0.5555555555555556,0.5555555555555556,0.5555555555555556
macro avg,0.5498069498069498,0.5602240896358543,0.5324675324675324,72.0
weighted avg,0.6360360360360361,0.5555555555555556,0.5757575757575757,72.0
